5,Amerescoggin Rd
9,Amerescoggin Rd
11,Amerescoggin Rd
15,Amerescoggin Rd
17,Amerescoggin Rd
21,Amerescoggin Rd
23,Amerescoggin Rd
24,Amerescoggin Rd
25,Amerescoggin Rd
2,Applegate Ln
4,Applegate Ln
6,Applegate Ln
8,Applegate Ln
10,Applegate Ln
14,Applegate Ln
16,Applegate Ln
18,Applegate Ln
20,Applegate Ln
22,Applegate Ln
24,Applegate Ln
26,Applegate Ln
28,Applegate Ln
30,Applegate Ln
31,Applegate Ln
32,Applegate Ln
33,Applegate Ln
34,Applegate Ln
35,Applegate Ln
36,Applegate Ln
37,Applegate Ln
38,Applegate Ln
39,Applegate Ln
40,Applegate Ln
41,Applegate Ln
42,Applegate Ln
43,Applegate Ln
44,Applegate Ln
45,Applegate Ln
46,Applegate Ln
48,Applegate Ln
50,Applegate Ln
52,Applegate Ln
53,Applegate Ln
54,Applegate Ln
55,Applegate Ln
56,Applegate Ln
57,Applegate Ln
58,Applegate Ln
59,Applegate Ln
60,Applegate Ln
62,Applegate Ln
64,Applegate Ln
65,Applegate Ln
66,Applegate Ln
67,Applegate Ln
68,Applegate Ln
69,Applegate Ln
70,Applegate Ln
72,Applegate Ln
74,Applegate Ln
75,Applegate Ln
77,Applegate Ln
81,Applegate Ln
83,Applegate Ln
85,Applegate Ln
87,Applegate Ln
1,Ashwood Ln
2,Ashwood Ln
3,Ashwood Ln
4,Ashwood Ln
5,Ashwood Ln
6,Ashwood Ln
7,Ashwood Ln
8,Ashwood Ln
9,Ashwood Ln
11,Ashwood Ln
13,Ashwood Ln
15,Ashwood Ln
17,Ashwood Ln
19,Ashwood Ln
5,Ayers Ct
8,Ayers Ct
9,Ayers Ct
10,Ayers Ct
11,Ayers Ct
13,Ayers Ct
16,Ayers Ct
2,Baltusrol Cir
4,Baltusrol Cir
6,Baltusrol Cir
8,Baltusrol Cir
5,Barlett Way
7,Barlett Way
8,Bartlett Way
1,Baysite Ln
2,Baysite Ln
3,Baysite Ln
4,Baysite Ln
5,Baysite Ln
6,Baysite Ln
7,Baysite Ln
8,Baysite Ln
9,Baysite Ln
10,Baysite Ln
11,Baysite Ln
13,Baysite Ln
14,Baysite Ln
15,Baysite Ln
16,Baysite Ln
17,Baysite Ln
18,Baysite Ln
19,Baysite Ln
20,Baysite Ln
21,Baysite Ln
22,Baysite Ln
23,Baysite Ln
16,Bayview Rd
3,Birch Ln
12,Birch Ln
18,Birch Ln
3,Broad St
5,Broad St
7,Broad St
7,"Burgess St"
10,"Burgess St"
19,"Burgess St"
20,"Burgess St"
1,Candlewick Way
9,Carmichael Ave
10,Carmichael Ave
14,Carmichael Ave
15,Carmichael Ave
16,Carmichael Ave
18,Carmichael Ave
19,Carmichael Ave
20,Carmichael Ave
21,Carmichael Ave
22,Carmichael Ave
24,Carmichael Ave
14,Casco Rd
20,Casco Rd
4,Casco Terrace
8,Casco Terrace
12,Casco Terrace
14,Casco Terrace
15,Casco Terrace
16,Casco Terrace
21,Casco Terrace
23,Casco Terrace
24,Casco Terrace
26,Casco Terrace
27,Casco Terrace
29,Casco Terrace
30,Casco Terrace
32,Casco Terrace
33,Casco Terrace
37,Casco Terrace
16,Cavendish Way
19,Cavendish Way
29,Cavendish Way
11,Chandler
1,Chandler Dr
2,Chandler Dr
3,Chandler Dr
4,Chandler Dr
5,Chandler Dr
6,Chandler Dr
7,Chandler Dr
8,Chandler Dr
9,Chandler Dr
10,Chandler Dr
11,Chandler Dr
12,Chandler Dr
13,Chandler Dr
14,Chandler Dr
16,Chandler Dr
17,Chandler Dr
19,Chandler Dr
20,Chandler Dr
21,Chandler Dr
22,Chandler Dr
23,Chandler Dr
24,Chandler Dr
25,Chandler Dr
26,Chandler Dr
27,Chandler Dr
28,Chandler Dr
29,Chandler Dr
30,Chandler Dr
31,Chandler Dr
32,Chandler Dr
33,Chandler Dr
34,Chandler Dr
35,Chandler Dr
36,Chandler Dr
37,Chandler Dr
38,Chandler Dr
39,Chandler Dr
40,Chandler Dr
41,Chandler Dr
42,Chandler Dr
43,Chandler Dr
44,Chandler Dr
45,Chandler Dr
46,Chandler Dr
47,Chandler Dr
48,Chandler Dr
49,Chandler Dr
50,Chandler Dr
51,Chandler Dr
52,Chandler Dr
53,Chandler Dr
54,Chandler Dr
55,Chandler Dr
56,Chandler Dr
57,Chandler Dr
58,Chandler Dr
59,Chandler Dr
60,Chandler Dr
61,Chandler Dr
62,Chandler Dr
63,Chandler Dr
64,Chandler Dr
65,Chandler Dr
66,Chandler Dr
67,Chandler Dr
68,Chandler Dr
69,Chandler Dr
70,Chandler Dr
71,Chandler Dr
72,Chandler Dr
73,Chandler Dr
75,Chandler Dr
77,Chandler Dr
2,Cherrywood Ln
3,Cherrywood Ln
4,Cherrywood Ln
5,Cherrywood Ln
5,Chestnut St
11,Chestnut St
12,Chestnut St
18,Chestnut St
3,Cottonwood Ln
5,Cottonwood Ln
6,Cottonwood Ln
7,Cottonwood Ln
1,Cypress Ln
3,Cypress Ln
3,Dale St
12,Dale St
20,Driftwood Ln
7,E Ramsdell Rd
9,E Ramsdell Rd
11,E Ramsdell Rd
12,E Ramsdell Rd
15,E Ramsdell Rd
16,E Ramsdell Rd
17,E Ramsdell Rd
7,Ennis St
8,Ennis St
12,Ennis St
4,Fairway Dr
10,Fairway Dr
154,Foreside Rd
155,Foreside Rd
158,Foreside Rd
163,Foreside Rd
164,Foreside Rd
168,Foreside Rd
169,Foreside Rd
172,Foreside Rd
173,Foreside Rd
175,Foreside Rd
176,Foreside Rd
177,Foreside Rd
179,Foreside Rd
180,Foreside Rd
181,Foreside Rd
182,Foreside Rd
185,Foreside Rd
187,Foreside Rd
188,Foreside Rd
189,Foreside Rd
192,Foreside Rd
193,Foreside Rd
195,Foreside Rd
199,Foreside Rd
202,Foreside Rd
205,Foreside Rd
206,Foreside Rd
211,Foreside Rd
213,Foreside Rd
215,Foreside Rd
217,Foreside Rd
219,Foreside Rd
221,Foreside Rd
223,Foreside Rd
224,Foreside Rd
226,Foreside Rd
229,Foreside Rd
231,Foreside Rd
232,Foreside Rd
235,Foreside Rd
236,Foreside Rd
237,Foreside Rd
239,Foreside Rd
240,Foreside Rd
241,Foreside Rd
243,Foreside Rd
244,Foreside Rd
245,Foreside Rd
247,Foreside Rd
249,Foreside Rd
250,Foreside Rd
252,Foreside Rd
255,Foreside Rd
259,Foreside Rd
262,Foreside Rd
263,Foreside Rd
265,Foreside Rd
267,Foreside Rd
268,Foreside Rd
270,Foreside Rd
277,Foreside Rd
279,Foreside Rd
291,Foreside Rd
295,Foreside Rd
299,Foreside Rd
305,Foreside Rd
311,Foreside Rd
318,Foreside Rd
320,Foreside Rd
324,Foreside Rd
327,Foreside Rd
328,Foreside Rd
329,Foreside Rd
331,Foreside Rd
333,Foreside Rd
335,Foreside Rd
337,Foreside Rd
2,Glen Rd
4,Glen Rd
6,Glen Rd
8,Glen Rd
11,Glen Rd
18,Glen Rd
22,Glen Rd
14,Green Gables Wy
9,Harriette St
11,Harriette St
13,Harriette St
15,Harriette St
17,Harriette St
19,Harriette St
25,Harriette St
4,Hedgerow Dr
8,Hedgerow Dr
16,Hedgerow Dr
20,Hedgerow Dr
22,Hedgerow Dr
24,Hedgerow Dr
26,Hedgerow Dr
28,Hedgerow Dr
30,Hedgerow Dr
38,Hedgerow Dr
42,Hedgerow Dr
2,Hemlock Ln
5,Hemlock Ln
6,Hemlock Ln
9,Hemlock Ln
12,Hemlock Ln
13,Hemlock Ln
24,Inverness Rd
2,Jensen Way
8,Johnson Rd
12,Johnson Rd
18,Johnson Rd
24,Johnson Rd
28,Johnson Rd
30,Johnson Rd
34,Johnson Rd
42,Johnson Rd
44,Johnson Rd
48,Johnson Rd
50,Johnson Rd
56,Johnson Rd
76,Johnson Rd
91,Johnson Rd
94,Johnson Rd
98,Johnson Rd
99,Johnson Rd
100,Johnson Rd
102,Johnson Rd
103,Johnson Rd
104,Johnson Rd
106,Johnson Rd
1,Kilborn Way
3,Kilborn Way
5,Kilborn Way
7,Kilborn Way
10,Kilborn Way
5,Killarney Road
18,Killarney Road
29,Killarney Road
6,Knight St
7,Knight St
8,Knight St
9,Knight St
10,Knight St
11,Knight St
12,Knight St
13,Knight St
14,Knight St
15,Knight St
16,Knight St
17,Knight St
18,Knight St
19,Knight St
20,Knight St
21,Knight St
22,Knight St
24,Knight St
5,"Lindenwood Ln"
7,"Lindenwood Ln"
9,"Lindenwood Ln"
5,"Locke St"
4,Madokawando Landing
9,Madokawando Landing
10,Madokawando Landing
11,Madokawando Landing
15,Madokawando Landing
17,Madokawando Landing
18,Madokawando Landing
19,Madokawando Landing
22,Madokawando Landing
30,Madokawando Landing
33,Madokawando Landing
40,Madokawando Landing
4,Madokawando Rd
10,Madokawando Rd
18,Madokawando Rd
19,Madokawando Rd
22,Madokawando Rd
26,Madokawando Rd
30,Madokawando Rd
33,Madokawando Rd
40,Madokawando Rd
5,Maiden Ln
11,Maiden Ln
14,Maiden Ln
12,Maplewood Cir
13,Maplewood Cir
15,Maplewood Cir
18,Maplewood Cir
2,Mariner Ln
4,Mariner Ln
6,Mariner Ln
4,Mason St
7,Mason St
13,Mason St
15,Mason St
17,Mason St
21,Mason St
1,Medinah Cir
2,Medinah Cir
3,Medinah Cir
4,Medinah Cir
5,Medinah Cir
6,Medinah Cir
7,Medinah Cir
8,Medinah Cir
9,Medinah Cir
10,Medinah Cir
299,"Middle Rd"
300,"Middle Rd"
301,"Middle Rd"
303,"Middle Rd"
304,"Middle Rd"
306,"Middle Rd"
308,"Middle Rd"
314,"Middle Rd"
315,"Middle Rd"
316,"Middle Rd"
320,"Middle Rd"
322,"Middle Rd"
324,"Middle Rd"
329,"Middle Rd"
332,"Middle Rd"
333,"Middle Rd"
334,"Middle Rd"
337,"Middle Rd"
339,"Middle Rd"
342,"Middle Rd"
343,"Middle Rd"
345,"Middle Rd"
346,"Middle Rd"
349,"Middle Rd"
354,"Middle Rd"
358,"Middle Rd"
362,"Middle Rd"
2,Muirfield Rd
4,Muirfield Rd
6,Muirfield Rd
8,Muirfield Rd
9,Muirfield Rd
11,Muirfield Rd
13,Muirfield Rd
14,Muirfield Rd
15,Muirfield Rd
16,Muirfield Rd
20,Muirfield Rd
22,Muirfield Rd
6,Oak St
8,Oak St
7,Oakmont Dr
8,Oakmont Dr
13,Oakmont Dr
15,Oakmont Dr
17,Oakmont Dr
18,Oakmont Dr
22,Oakmont Dr
23,Oakmont Dr
26,Oakmont Dr
29,Oakmont Dr
30,Oakmont Dr
31,Oakmont Dr
33,Oakmont Dr
36,Oakmont Dr
37,Oakmont Dr
39,Oakmont Dr
45,Oakmont Dr
51,Oakmont Dr
52,Oakmont Dr
55,Oakmont Dr
60,Oakmont Dr
64,Oakmont Dr
77,Oakmont Dr
81,Oakmont Dr
85,Oakmont Dr
89,Oakmont Dr
2,Oasis Landing
8,Oasis Landing
10,Oasis Landing
2,Ocean St
4,Ocean St
6,Ocean St
7,Old Oak Way
9,Old Oak Way
10,Old Oak Way
11,Old Oak Way
12,Old Oak Way
15,Old Oak Way
16,Old Oak Way
18,Old Oak Way
25,Old Oak Way
10,Old Powerhouse Rd
11,Old Powerhouse Rd
12,Old Powerhouse Rd
15,Old Powerhouse Rd
20,Old Powerhouse Rd
29,Old Powerhouse Rd
33,Old Powerhouse Rd
35,Old Powerhouse Rd
11,Paddock Way
12,Paddock Way
14,Paddock Way
17,Paddock Way
25,Paddock Way
35,Paddock Way
36,Paddock Way
1,Pawle Pl
3,Pawle Pl
12,Pawle Pl
3,Penacook Rd
1,Pinehurst Ln
2,Pinehurst Ln
3,Pinehurst Ln
8,Pinehurst Ln
9,Pinehurst Ln
11,Pinehurst Ln
14,Pinehurst Ln
17,Pinehurst Ln
21,Pinehurst Ln
1,"Pinehurst Ln"
2,"Pinehurst Ln"
3,"Pinehurst Ln"
8,"Pinehurst Ln"
9,"Pinehurst Ln"
11,"Pinehurst Ln"
14,"Pinehurst Ln"
17,"Pinehurst Ln"
6,Pinewood Ln
3,Pitt St
5,Pitt St
6,Pitt St
7,Pitt St
4,Preservation Dr
16,Preservation Dr
17,Preservation Dr
19,Preservation Dr
20,Preservation Dr
22,Preservation Dr
23,Preservation Dr
25,Preservation Dr
28,Preservation Dr
29,Preservation Dr
30,Preservation Dr
1,Quaker Ln
3,Quaker Ln
5,Quaker Ln
8,Quaker Ln
10,Ramsdell Rd
12,Ramsdell Rd
28,Ramsdell Rd
34,Ramsdell Rd
36,Ramsdell Rd
5,"Ramsdell Rd"
19,"Ramsdell Rd"
23,"Ramsdell Rd"
27,"Ramsdell Rd"
5,Raymond Rd
6,Raymond Rd
7,Raymond Rd
9,Raymond Rd
24,Raymond Rd
2,Redwood Ln
4,Redwood Ln
6,Redwood Ln
8,Redwood Ln
10,Redwood Ln
12,Redwood Ln
7,Ricker Rd
8,Ricker Rd
10,Ricker Rd
1,Sandy Cove Rd
3,Sandy Cove Rd
5,Sandy Cove Rd
10,Sandy Cove Rd
29,Seaside Way
30,Seaside Way
47,Seaside Way
50,Seaside Way
55,Seaside Way
1,"Shady Ln"
2,"Shady Ln"
3,"Shady Ln"
4,"Shady Ln"
5,"Shady Ln"
6,"Shady Ln"
7,"Shady Ln"
9,"Shady Ln"
15,"Shady Ln"
17,"Shady Ln"
19,"Shady Ln"
21,"Shady Ln"
1,"Spruce Ln"
2,"Spruce Ln"
3,"Spruce Ln"
4,"Spruce Ln"
8,Steeve's Way
30,"Stormy Brook Rd"
9,"Stormy Brook Rd"
15,"Stormy Brook Rd"
49,"Stormy Brook Rd"
2,Studley St
4,Studley St
5,Studley St
7,Studley St
8,Studley St
6,Terison Dr
8,Terison Dr
10,Terison Dr
12,Terison Dr
1,Thurston Ln
2,Thurston Ln
3,Thurston Ln
4,Thurston Ln
5,Thurston Ln
6,Thurston Ln
3,Town Landing Rd
6,Town Landing Rd
7,Town Landing Rd
10,Town Landing Rd
11,Town Landing Rd
14,Town Landing Rd
15,Town Landing Rd
18,Town Landing Rd
20,Town Landing Rd
23,Town Landing Rd
24,Town Landing Rd
27,Town Landing Rd
29,Town Landing Rd
35,Town Landing Rd
2,Underwood Rd
7,Underwood Rd
14,Underwood Rd
15,Underwood Rd
19,Underwood Rd
21,Underwood Rd
27,Underwood Rd
30,Underwood Rd
31,Underwood Rd
32,Underwood Rd
33,Underwood Rd
34,Underwood Rd
35,Underwood Rd
38,Underwood Rd
45,Underwood Rd
47,Underwood Rd
49,Underwood Rd
51,Underwood Rd
53,Underwood Rd
55,Underwood Rd
57,Underwood Rd
59,Underwood Rd
61,Underwood Rd
63,Underwood Rd
65,Underwood Rd
67,Underwood Rd
69,Underwood Rd
71,Underwood Rd
75,Underwood Rd
87,Underwood Rd
91,Underwood Rd
95,Underwood Rd
104,Underwood Rd
107,Underwood Rd
109,Underwood Rd
110,Underwood Rd
114,Underwood Rd
126,Underwood Rd
366,"US-1"
374,"US-1"
430,"US-1"
2,Valley Ave
10,Valley Ave
11,Valley Ave
12,Valley Ave
48,Wescott St
52,Wescott St
12,Whisper's Way
1,Winn Farm Ln
2,Winn Farm Ln
211,Winn Farm Rd
130,Winn Rd
131,Winn Rd
132,Winn Rd
138,Winn Rd
148,Winn Rd
150,Winn Rd
152,Winn Rd
154,Winn Rd
155,Winn Rd
156,Winn Rd
158,Winn Rd
165,Winn Rd
203,Winn Rd
209,Winn Rd
11,Woodlands Dr
44,Woodlands Dr
66,Woodlands Dr
72,Woodlands Dr
76,Woodlands Dr
80,Woodlands Dr
84,Woodlands Dr
85,Woodlands Dr
88,Woodlands Dr
89,Woodlands Dr
92,Woodlands Dr
93,Woodlands Dr
100,Woodlands Dr
106,Woodlands Dr
110,Woodlands Dr
115,Woodlands Dr
116,Woodlands Dr
120,Woodlands Dr
124,Woodlands Dr
128,Woodlands Dr
131,Woodlands Dr
132,Woodlands Dr
136,Woodlands Dr
137,Woodlands Dr
140,Woodlands Dr
141,Woodlands Dr
144,Woodlands Dr
145,Woodlands Dr
149,Woodlands Dr
152,Woodlands Dr
153,Woodlands Dr
157,Woodlands Dr
159,Woodlands Dr
161,Woodlands Dr
61,Woodville Rd
71,Woodville Rd
1,Woodwarn Ln
3,Woodwarn Ln
4,Woodwarn Ln
5,Woodwarn Ln
6,Woodwarn Ln
12,Woodwarn Ln