506,Trevanion
504,Trevanion
508,Trevanion
510,Trevanion
512,Trevanion
514,Trevanion
518,Trevanion
520,Trevanion
522,Trevanion
524,Trevanion
526,Trevanion
528,Trevanion
530,Trevanion
532,Trevanion
534,Trevanion
536,Trevanion
538,Trevanion
540,Trevanion
542,Trevanion
544,Trevanion
546,Trevanion
543,Trevanion
541,Trevanion
539,Trevanion
537,Trevanion
535,Trevanion
533,Trevanion
531,Trevanion
529,Trevanion
527,Trevanion
515,Trevanion
517,Trevanion
519,Trevanion
513,Trevanion
511,Trevanion
509,Trevanion
507,Trevanion
505,Trevanion
503,Trevanion
501,Trevanion
500,Trevanion 
29,W Baltimore
43,W Baltimore
55,W Baltimore
12,Warehouse
53,Warehouse
15,Warehouse
7,Warehouse
28,Westview 
5,York
3,York
83,York
81,York
75,York
61,York
55,York
56,York
22,York
50R ,York
41,York
43,York
49,York
51,York
18,York
28,York 
36,York 
18,York 
42,York 
31,York 
33,York 
45,York 
47,York 