135,Chesapeake Ave
238,Depaul St
234,Depaul St
232,Depaul St
230,Depaul St
228,Depaul St
226,Depaul St
224,Depaul St
220,Depaul St
218,Depaul St
216,Depaul St
214,Depaul St
210,Depaul St
200,Depaul St
130,Depaul St
110,Depaul St
114,Depaul St
120,Depaul St
101,Depaul St
111,Depaul St
115,Depaul St
121,Depaul St
125,Depaul St
201,Depaul St
207,Depaul St
209,Depaul St
211,Depaul St
227,Depaul St
243,Depaul St
253,Depaul St
263,Depaul St
265,Depaul St
275,Depaul St
277,Depaul St
283,Depaul St
285,Depaul St
289,Depaul St
303,Depaul St
305,Depaul St
51,Depaul St
300,E Lincoln Ave
428,E Lincoln Ave
435,E Lincoln Ave
437,E Lincoln Ave
439,E Lincoln Ave
441,E Lincoln Ave
443,E Lincoln Ave
13,E Main St
27,E Main St
31,E Main St
101,E Main St
105,E Main St
113,E Main St
115,E Main St
119,E Main St
121,E Main St
205,E Main St
201,E Main St
207,E Main St
209,E Main St
211,E Main St
215,E Main St
217,E Main St
30,E Main St
104,E Main St
100,E Main St
106,E Main St
110,E Main St
114,E Main St
118,E Main St
120,E Main St
122,E Main St
126,E Main St
208,E Main St
210,E Main St
212,E Main St
214,E Main St
216,E Main St
218,E Main St
220,E Main St
222,E Main St
224,E Main St
300,E Main St
304,E Main St
312,E Main St
314,E Main St
316,E Main St
320,E Main St
324,E Main St
326,E Main St
328,E Main St
332,E Main St
410,E Main St
420,E Main St
426,E Main St
436,E Main St
448,E Main St
500,E Main St
505,E Main St
507,E Main St
7,E Main St
19,E Main St
200,E Main St
305,E Main St
309,E Main St
315,E Main St
317,E Main St
321,E Main St
325,E Main St
329,E Main St
339,E Main St
343,E Main St
351,E Main St
401,E Main St
315,E North Ave
339,E North Ave
329,E North Ave
333,E North Ave
5,Elder Ln
14,Federal Ave
15,Federal Ave
23,Federal Ave
25,Federal Ave
12,Federal Ave
6,Federal Ave
702,Frailey Rd
700,Frailey Rd
535,Frailey Rd
1480,Heatherwind Dr
1485,Heatherwind Dr
1304,Huntley Cir
1306,Huntley Cir
1310,Huntley Cir
1312,Huntley Cir
1316,Huntley Cir
1322,Huntley Cir
1324,Huntley Cir
1326,Huntley Cir
1328,Huntley Cir
1311,Huntley Cir
1315,Huntley Cir
1317,Huntley Cir
1319,Huntley Cir
1321,Huntley Cir
1323,Huntley Cir
1325,Huntley Cir
1327,Huntley Cir
433,Ramblewood Ct
431,Ramblewood Ct
429,Ramblewood Ct
427,Ramblewood Ct
1404,Ramblewood Dr
1460,Ramblewood Dr
1458,Ramblewood Dr
1406,Ramblewood Dr
1456,Ramblewood Dr
1408,Ramblewood Dr
1454,Ramblewood Dr
1410,Ramblewood Dr
1452,Ramblewood Dr
1446,Ramblewood Dr
1412,Ramblewood Dr
1444,Ramblewood Dr
1442,Ramblewood Dr
1414,Ramblewood Dr
1440,Ramblewood Dr
1416,Ramblewood Dr
1438,Ramblewood Dr
1418,Ramblewood Dr
1420,Ramblewood Dr
1436,Ramblewood Dr
1422,Ramblewood Dr
1428,Ramblewood Dr
1405,Ramblewood Dr
1407,Ramblewood Dr
1413,Ramblewood Dr
1415,Ramblewood Dr
1417,Ramblewood Dr
1419,Ramblewood Dr
1463,Ramblewood Dr
1461,Ramblewood Dr
1459,Ramblewood Dr
1457,Ramblewood Dr
1455,Ramblewood Dr
1453,Ramblewood Dr
1451,Ramblewood Dr
1449,Ramblewood Dr
1447,Ramblewood Dr
1445,Ramblewood Dr
1443,Ramblewood Dr
1441,Ramblewood Dr
1435,Ramblewood Dr
1433,Ramblewood Dr
1431,Ramblewood Dr
1429,Ramblewood Dr
1427,Ramblewood Dr
1425,Ramblewood Dr
1423,Ramblewood Dr
305,S Seton Ave
303,S Seton Ave
219,S Seton Ave
205,S Seton Ave
203,S Seton Ave
137,S Seton Ave
135,S Seton Ave
133,S Seton Ave
125,S Seton Ave
140,S Seton Ave
122,S Seton Ave
124,S Seton Ave
120,S Seton Ave
118,S Seton Ave
116,S Seton Ave
110,S Seton Ave
306,S Seton Ave
308,S Seton Ave
435,"Timbermill Run"
425,"Timbermill Run"
415,"Timbermill Run"
405,"Timbermill Run"
461,"Timbermill Run"
440,"Timbermill Run"
370,"Timbermill Run"
380,"Timbermill Run"
390,"Timbermill Run"
400,"Timbermill Run"
410,"Timbermill Run"
420,"Timbermill Run"
430,"Timbermill Run"
455,"Timbermill Run"
29,W Lincoln Ave
25,W Lincoln Ave
103,W Lincoln Ave
313,W Lincoln Ave
301,W Lincoln Ave
123,W Lincoln Ave
301,"W Lincoln Ave"
29,"W Lincoln Ave"
528,W Main Also 530 St
124,W Main St
130,W Main St
114,W Main St
112,W Main St
104,W Main St
100,W Main St
30,W Main St
28,W Main St
26,W Main St
24,W Main St
22,W Main St
4,W Main St
6,W Main St
103,W Main St
101,W Main St
317,W Main St
307,W Main St
305,W Main St
227,W Main St
221,W Main St
219,W Main St
211,W Main St
209,W Main St
205,W Main St
201,W Main St
125,W Main St
111,W Main St
530,W Main St
512,W Main St
524,W Main St
514,W Main St
506,W Main St
502,W Main St
500,W Main St
408,W Main St
406,W Main St
400,W Main St
320,W Main St
316,W Main St
300,W Main St
226,W Main St
220,W Main St
218,W Main St
214,W Main St
222,W Main St
210,W Main St
121,W Main St
604,W Main St
700,W Main St
706,W Main St
714,W Main St
800,W Main St
804,W Main St
810,W Main St
812,W Main St
717,W Main St
715,W Main St
719,W Main St
711,W Main St
701,W Main St
663,W Main St
531,W Main St
527,W Main St
523,W Main St
521,W Main St
519,W Main St
517,W Main St
511,W Main St
501,W Main St
423,W Main St
419,W Main St
421,W Main St
417,W Main St
405,W Main St
403,W Main St
401,W Main St
311,W Main St
2,W North Ave
312,W North Ave
216,W North Ave
500,W North Ave
502,W North Ave
520,W North Ave
522,W North Ave
524,W North Ave
526,W North Ave
3,Warthens Way
5,Warthens Way
7,Warthens Way
9,Warthens Way
11,Warthens Way
2,Welty Ave
3,Welty Ave
4,Welty Ave
5,Welty Ave
6,Welty Ave
7,Welty Ave
8,Welty Ave
9,Welty Ave
10,Welty Ave
11,Welty Ave
12,Welty Ave
13,Welty Ave
116,Welty Ave
112,Welty Ave
110,Welty Ave
108,Welty Ave
106,Welty Ave
104,Welty Ave
102,Welty Ave
100,Welty Ave