19331,Liberty Mill
19323,Liberty Mill
19319,Liberty Mill
19315,Liberty Mill
19311,Liberty Mill
19313,Liberty Mill
19212,Blunt
19307,Liberty Mill
19200,Blunt
19201,Blunt
19220,Mateny Hill
19390,Mateny Hill
19311,Mateny Hill
19331,Mateny Hill
13201,Liberty Bell Court
13203,Liberty Bell Court
13205,Liberty Bell Court
13207,Liberty Bell Court
13209,Liberty Bell Court
13211,Liberty Bell Court
13215,Liberty Bell Court
13217,Liberty Bell Court
13219,Liberty Bell Court
13221,Liberty Bell Court
13223,Liberty Bell Court
19340,Liberty Mill
1,Liberty Heights
5,Liberty Heights
7,Liberty Heights
13,Liberty Heights
15,Liberty Heights
17,Liberty Heights
19,Liberty Heights
21,Liberty Heights
23,Liberty Heights
19328,Liberty Heights
19330,Liberty Heights
19332,Liberty Heights
19334,Liberty Heights
19336,Liberty Heights
19338,Liberty Heights
19324,Liberty Heights
19322,Liberty Heights
19320,Liberty Heights
19318,Liberty Heights
19316,Liberty Heights
19314,Liberty Heights
19310,Liberty Heights
19308,Liberty Heights
19306,Liberty Heights
19304,Liberty Heights
19302,Liberty Heights
19300,Liberty Heights
19238,Liberty Heights
19236,Liberty Heights
19230,Liberty Heights
19220,Liberty Heights
19216,Liberty Heights
19215,Liberty Heights
1997,Dawson Farm
19208,Liberty Mill
19212,Liberty Mill
19216,Liberty Mill
19220,Liberty Mill
19224,Liberty Mill
19228,Liberty Mill
19219,Liberty Mill
19215,Liberty Mill
19205,Liberty Mill
19209,Liberty Mill
19201,Liberty Mill
19203,Liberty Mill
19120,Mateny Hill
19124,Mateny Hill
19130,Mateny Hill
19150,Mateny Hill
19135,Mateny Hill
19125,Mateny Hill
19117,Mateny Hill
19111,Mateny Hill
19105,Mateny Hill
12932,Summit Ridge
12930,Summit Ridge
12928,Summit Ridge
12924,Summit Ridge
12922,Summit Ridge
12920,Summit Ridge
12918,Summit Ridge
12914,Summit Ridge
12910,Summit Ridge
1,Summit Ridge
5,Summit Ridge
9,Summit Ridge
11,Summit Ridge
13,Summit Ridge
15,Summit Ridge
16,Summit Ridge
14,Summit Ridge
10,Summit Ridge
8,Summit Ridge
6,Summit Ridge
4,Summit Ridge
2,Summit Ridge
12904,Summit Ridge
12902,Summit Ridge
12900,Summit Ridge
12901,Summit Ridge
12903,Summit Ridge
12905,Summit Ridge
12907,Summit Ridge
12909,Summit Ridge
12911,Summit Ridge
12913,Summit Ridge
12915,Summit Ridge
12917,Summit Ridge
12919,Summit Ridge
12921,Summit Ridge
12923,Summit Ridge
12925,Summit Ridge
12929,Summit Ridge
19203,Mateny Hill
19207,Mateny Hill
19209,Mateny Hill
19211,Mateny Hill
19213,Mateny Hill
41,Cherry Bend
39,Cherry Bend
37,Cherry Bend
35,Cherry Bend
33,Cherry Bend
29,Cherry Bend
27,Cherry Bend
25,Cherry Bend
23,Cherry Bend
21,Cherry Bend
17,Cherry Bend
15,Cherry Bend
13,Cherry Bend
11,Cherry Bend
9,Cherry Bend
58,Cherry Bend
56,Cherry Bend
54,Cherry Bend
52,Cherry Bend
50,Cherry Bend
46,Cherry Bend
44,Cherry Bend
42,Cherry Bend
40,Cherry Bend
38,Cherry Bend
34,Cherry Bend
32,Cherry Bend
30,Cherry Bend
28,Cherry Bend
26,Cherry Bend
22,Cherry Bend
18,Cherry Bend
16,Cherry Bend
14,Cherry Bend
2,Cherry Bend
4,Cherry Bend
6,Cherry Bend
8,Cherry Bend
19100,Cherry Bend
19102,Cherry Bend
19104,Cherry Bend
19106,Cherry Bend
19108,Cherry Bend
19110,Cherry Bend
19114,Cherry Bend
19116,Cherry Bend
19118,Cherry Bend
19120,Cherry Bend
19122,Cherry Bend
19124,Cherry Bend
19126,Cherry Bend
19132,Cherry Bend
19134,Cherry Bend
19136,Cherry Bend
19138,Cherry Bend
19140,Cherry Bend
19048,Cherry Bend
19046,Cherry Bend
19044,Cherry Bend
19042,Cherry Bend
19040,Cherry Bend
19036,Cherry Bend
19034,Cherry Bend
19032,Cherry Bend
19030,Cherry Bend
13101,Cherry Bend
13103,Cherry Bend
13105,Cherry Bend
13107,Cherry Bend
13109,Cherry Bend
13111,Cherry Bend
13113,Cherry Bend
13115,Cherry Bend
19045,Cherry Bend
19043,Cherry Bend
19041,Cherry Bend
19039,Cherry Bend
19037,Cherry Bend
19035,Cherry Bend
19033,Cherry Bend
19031,Cherry Bend
19101,Cherry Bend
19103,Cherry Bend
19105,Cherry Bend
19107,Cherry Bend
19109,Cherry Bend
19111,Cherry Bend
19113,Cherry Bend
19117,Cherry Bend
19119,Cherry Bend
19121,Cherry Bend
19123,Cherry Bend
19125,Cherry Bend
13009,Cherry Bend
13007,Cherry Bend
13005,Cherry Bend
13003,Cherry Bend
13001,Cherry Bend
13000,Cherry Bend
13002,Cherry Bend
13004,Cherry Bend
13006,Cherry Bend
13008,Cherry Bend
13010,Cherry Bend
13012,Cherry Bend
13014,Cherry Bend
19017,Cherry Bend
19019,Cherry Bend
19021,Cherry Bend
19023,Cherry Bend
19025,Cherry Bend
19027,Cherry Bend
19013,Cherry Bend
19011,Cherry Bend
19009,Cherry Bend
19007,Cherry Bend
19005,Cherry Bend
19003,Cherry Bend
19001,Cherry Bend
13013,Cherry Bend
13015,Cherry Bend
13017,Cherry Bend
13019,Cherry Bend
13023,Cherry Bend
13025,Cherry Bend
13027,Cherry Bend
13029,Cherry Bend
13100,Cherry Bend
13102,Cherry Bend
13104,Cherry Bend
13106,Cherry Bend
13108,Cherry Bend
19129,Cherry Bend
19131,Cherry Bend
19133,Cherry Bend
19135,Cherry Bend
19137,Cherry Bend
19139,Cherry Bend
19141,Cherry Bend
19143,Cherry Bend
2,Grotto
4,Grotto
6,Grotto
8,Grotto
10,Grotto
16,Grotto
18,Grotto
20,Grotto
22,Grotto
24,Grotto
23,Grotto
21,Grotto
19110,Mateny Hill
19,Grotto
17,Grotto
15,Grotto
11,Grotto
9,Grotto
7,Grotto
5,Grotto
3,Grotto
1,Grotto
19127,Grotto
19129,Grotto
19131,Grotto
19133,Grotto
19135,Grotto
19137,Grotto
19141,Grotto
19143,Grotto
19145,Grotto
19147,Grotto
19149,Grotto
19151,Grotto
19121,Grotto
19123,Grotto
19117,Grotto
19115,Grotto
19113,Grotto
19109,Grotto
19107,Grotto
19105,Grotto
19103,Grotto
19101,Grotto
19033,Grotto
19031,Grotto
19029,Grotto
19027,Grotto
19025,Grotto
19015,Grotto
19017,Grotto
19019,Grotto
19021,Grotto
19009,Grotto
19007,Grotto
19005,Grotto
19003,Grotto
19001,Grotto
19244,Warrior Brook
19242,Warrior Brook
19240,Warrior Brook
19238,Warrior Brook
19236,Warrior Brook
19234,Warrior Brook
19232,Warrior Brook
19226,Warrior Brook
19224,Warrior Brook
19222,Warrior Brook
19220,Warrior Brook
19218,Warrior Brook
19216,Warrior Brook
19214,Warrior Brook
19212,Warrior Brook
19248,Warrior Brook
19206,Warrior Brook
19200,Warrior Brook
19184,Warrior Brook
19180,Warrior Brook
19176,Warrior Brook
19172,Warrior Brook
19168,Warrior Brook
19164,Warrior Brook
19160,Warrior Brook
19156,Warrior Brook
19152,Warrior Brook