304,Beaver Creek Rd
308,Beaver Creek Rd
310,Beaver Creek Rd
312,Beaver Creek Rd
400,Beaver Creek Rd
402,Beaver Creek Rd
404,Beaver Creek Rd
406,Beaver Creek Rd
408,Beaver Creek Rd
410,Beaver Creek Rd
412,Beaver Creek Rd
414,Beaver Creek Rd
416,Beaver Creek Rd
506,Beaver Creek Rd
514,Beaver Creek Rd
518,Beaver Creek Rd
530,Beaver Creek Rd
536,Beaver Creek Rd
503,Beaver Creek Rd
513,Beaver Creek Rd
521,Beaver Creek Rd
9,Bethlehem Ct
15,Bethlehem Ct
17,Bethlehem Ct
202,Bethlehem Ct
204,Bethlehem Ct
400,Bethlehem Ct
402,Bethlehem Ct
404,Bethlehem Ct
406,Bethlehem Ct
408,Bethlehem Ct
410,Bethlehem Ct
412,Bethlehem Ct
414,Bethlehem Ct
416,Bethlehem Ct
418,Bethlehem Ct
420,Bethlehem Ct
422,Bethlehem Ct
424,Bethlehem Ct
415,Bethlehem Ct
417,Bethlehem Ct
419,Bethlehem Ct
421,Bethlehem Ct
423,Bethlehem Ct
425,Bethlehem Ct
123,Bethlehem Ct
121,Bethlehem Ct
119,Bethlehem Ct
117,Bethlehem Ct
115,Bethlehem Ct
113,Bethlehem Ct
111,Bethlehem Ct
109,Bethlehem Ct
107,Bethlehem Ct
103,Bethlehem Ct
101,Bethlehem Ct
1038,Brinker
1040,Brinker
1030,Brinker
1032,Brinker
1036,Brinker
1000,Brinker Dr
1002,Brinker Dr
1004,Brinker Dr
1014,Brinker Dr
1016,Brinker Dr
1018,Brinker Dr
1020,Brinker Dr
1022,Brinker Dr
1024,Brinker Dr
1042,Brinker Dr
1040,Brinker Dr
1012,Brinker Dr
1010,Brinker Dr
1008,Brinker Dr
1006,Brinker Dr
1100,Brinker Dr
1026,Brinker Dr
1028,Brinker Dr
1034,Brinker Dr
1048,Brinker Dr
1044,Brinker Dr
1046,Brinker Dr
1052,Brinker Dr
1050,Brinker Dr
1054,Brinker Dr
1058,Brinker Dr
1056,Brinker Dr
1060,Brinker Dr
20,E Chestnut St
18,E Chestnut St
16,E Chestnut St
14,E Chestnut St
8,E Chestnut St
10,E Chestnut St
12,E Chestnut St
110,E Chestnut St
104,E Chestnut St
100,E Chestnut St
200,E Chestnut St
218,E Chestnut St
220,E Chestnut St
334,E Oak Ridge Dr
440,E Oak Ridge Dr
436,E Oak Ridge Dr
430,E Oak Ridge Dr
426,E Oak Ridge Dr
422,E Oak Ridge Dr
414,E Oak Ridge Dr
404,E Oak Ridge Dr
400,E Oak Ridge Dr
408,E Oak Ridge Dr
406,E Oak Ridge Dr
320,E Oak Ridge Dr
316,E Oak Ridge Dr
2,E Poplar St
8,E Poplar St
14,E Poplar St
18,E Poplar St
20,E Poplar St
22,E Poplar St
36,E Poplar St
38,E Poplar St
100,E Poplar St
102,E Poplar St
104,E Poplar St
11,E Poplar St
9,E Poplar St
15,E Poplar St
19,E Poplar St
103,E Poplar St
105,E Poplar St
200,E Poplar St
202,E Poplar St
204,E Poplar St
600,E Wilson Blvd
604,E Wilson Blvd
616,E Wilson Blvd
618,E Wilson Blvd
624,E Wilson Blvd
626,E Wilson Blvd
634,E Wilson Blvd
640,E Wilson Blvd
642,E Wilson Blvd
648,E Wilson Blvd
650,E Wilson Blvd
719,Frederick St
745,Frederick St
757,Frederick St
801,Frederick St
805,Frederick St
809,Frederick St
813,Frederick St
815,Frederick St
819,Frederick St
839,Frederick St
843,Frederick St
845,Frederick St
849,Frederick St
857,Frederick St
1223,Frederick St
1201,"Frederick St"
1203,"Frederick St"
1205,"Frederick St"
1207,"Frederick St"
1209,"Frederick St"
1211,"Frederick St"
1213,"Frederick St"
1215,"Frederick St"
1217,"Frederick St"
1219,"Frederick St"
1221,"Frederick St"
1225,"Frederick St"
1227,"Frederick St"
1229,"Frederick St"
1231,"Frederick St"
1249,"Frederick St"
312,Hebb Rd
308,Hebb Rd
304,Hebb Rd
302,Hebb Rd
300,Hebb Rd
234,Hebb Rd
230,Hebb Rd
224,Hebb Rd
301,Hebb Rd
233,Hebb Rd
223,Hebb Rd
305,"Hebb Rd"
846,Kenly Ave
841,Kenly Ave
849,Kenly Ave
903,Kenly Ave
925,Kenly Ave
923,Kenly Ave
915,Kenly Ave
911,Kenly Ave
907,Kenly Ave
919,"Kenly Ave"
900,Kenwood Dr
906,Kenwood Dr
912,Kenwood Dr
918,Kenwood Dr
924,Kenwood Dr
928,Kenwood Dr
950,Kenwood Dr
1109,Luther Dr
1121,Luther Dr
1129,Luther Dr
1135,Luther Dr
1137,Luther Dr
1144,Luther Dr
1146,Luther Dr
1142,Luther Dr
1140,Luther Dr
1130,Luther Dr
1132,Luther Dr
1136,Luther Dr
1134,Luther Dr
1124,Luther Dr
1126,Luther Dr
1122,Luther Dr
1120,Luther Dr
1102,Luther Dr
1106,Luther Dr
1104,Luther Dr
1114,Luther Dr
1112,Luther Dr
1116,Luther Dr
1110,Luther Dr
1184,Luther Dr
1182,Luther Dr
1186,Luther Dr
1180,Luther Dr
1172,Luther Dr
1174,Luther Dr
1170,Luther Dr
1176,Luther Dr
1192,Luther Dr
1190,Luther Dr
1196,Luther Dr
1194,Luther Dr
1100,Luther Dr
1158,Luther Dr
207,N Antietam St
110,N Antietam St
108,N Antietam St
106,N Antietam St
102,N Antietam St
111,N Antietam St
109,N Antietam St
107,N Antietam St
101,N Antietam St
202,N High St
300,N High St
302,N High St
304,N High St
303,N High St
301,N High St
205,N High St
201,N High St
111,N High St
109,N High St
107,N High St
108,"N High St"
612,Picadilly Dr
610,Picadilly Dr
608,Picadilly Dr
606,Picadilly Dr
604,Picadilly Dr
602,Picadilly Dr
600,Picadilly Dr
601,Picadilly Dr
603,Picadilly Dr
605,Picadilly Dr
607,Picadilly Dr
609,Picadilly Dr
611,Picadilly Dr
613,Picadilly Dr
615,Picadilly Dr
617,Picadilly Dr
619,Picadilly Dr
621,Picadilly Dr
623,Picadilly Dr
625,Picadilly Dr
627,Picadilly Dr
629,Picadilly Dr
26,Randolph Ave
30,Randolph Ave
34,Randolph Ave
36,Randolph Ave
38,Randolph Ave
42,Randolph Ave
48,Randolph Ave
46,Randolph Ave
50,Randolph Ave
52,Randolph Ave
700,Ravenswood Dr
703,Ravenswood Dr
604,Ravenswood Dr
621,Ravenswood Dr
619,Ravenswood Dr
617,Ravenswood Dr
613,Ravenswood Dr
609,Ravenswood Dr
605,Ravenswood Dr
601,Ravenswood Dr
601,S Edgewood Dr
600,S Edgewood Dr
438,S Edgewood Dr
446,S Edgewood Dr
110,Stouffer Ave
133,Stouffer Ave
125,Stouffer Ave
123,Stouffer Ave
119,Stouffer Ave
113,Stouffer Ave
111,Stouffer Ave
109,Stouffer Ave
107,Stouffer Ave
105,Stouffer Ave
103,Stouffer Ave
15,Stouffer Ave
129,"Stouffer Ave"
1231,US-40 ALT
30,W Chestnut St
28,W Chestnut St
10,W Chestnut St
12,W Chestnut St
14,"W Chestnut St"
18,W Poplar St
16,W Poplar St
14,W Poplar St
12,W Poplar St
10,W Poplar St
4,W Poplar St
2,W Poplar St
23,W Poplar St
21,W Poplar St
19,W Poplar St
13,W Poplar St
25,"W Poplar St"
616,W Wilson Blvd
618,W Wilson Blvd
632,W Wilson Blvd
302,Wye Oak St
211,Wye Oak St
4,Wye Oak St
8,Wye Oak St
10,Wye Oak St