521,Amanda Ct
502,Amanda Ct
504,Amanda Ct
505,Amanda Ct
503,Amanda Ct
106,Bosc Ct
108,"Bosc Ct"
110,"Bosc Ct"
112,"Bosc Ct"
114,"Bosc Ct"
116,"Bosc Ct"
118,"Bosc Ct"
120,"Bosc Ct"
122,"Bosc Ct"
123,"Bosc Ct"
121,"Bosc Ct"
119,"Bosc Ct"
117,"Bosc Ct"
115,"Bosc Ct"
101,"Bosc Ct"
103,"Bosc Ct"
105,"Bosc Ct"
107,"Bosc Ct"
109,"Bosc Ct"
111,"Bosc Ct"
124,Catoctin Ave
122,Catoctin Ave
120,Catoctin Ave
118,Catoctin Ave
108,Catoctin Ave
106,Catoctin Ave
102,Catoctin Ave
111,Catoctin Ave
109,Catoctin Ave
107,Catoctin Ave
105,Catoctin Ave
103,Catoctin Ave
101,Catoctin Ave
116,Catoctin Ave
114,Catoctin Ave
112,Catoctin Ave
110,Catoctin Ave
216,Crestview Dr
211,Crestview Dr
218,Crestview Dr
201,Dogwood Ave
203,Dogwood Ave
204,Dogwood Ave
202,Dogwood Ave
200,Dogwood Ave
114,Dogwood Ave
112,Dogwood Ave
108,Dogwood Ave
106,Dogwood Ave
102,Dogwood Ave
100,Dogwood Ave
101,Dogwood Ave
113,Dogwood Ave
111,Dogwood Ave
109,Dogwood Ave
107,Dogwood Ave
105,Dogwood Ave
103,Dogwood Ave
206,"Dogwood Ave"
110,"Dogwood Ave"
24,E Moser Rd
20,E Moser Rd
19,E Moser Rd
21,E Moser Rd
17,E Moser Rd
15,E Moser Rd
13,E Moser Rd
11,E Moser Rd
9,E Moser Rd
7,E Moser Rd
5,E Moser Rd
201,Frederick Rd
138,Frederick Rd
136,Frederick Rd
44,Frederick Rd
42,Frederick Rd
38,Frederick Rd
32,Frederick Rd
35,Frederick Rd
33,Frederick Rd
31,Frederick Rd
30,Frederick Rd
29,Frederick Rd
24,Frederick Rd
28,Frederick Rd
3,Frederick Rd
5,Frederick Rd
7,Frederick Rd
9,Frederick Rd
4,Frederick Rd
523,Gateway Dr
517,Gateway Dr
515,Gateway Dr
513,Gateway Dr
511,Gateway Dr
509,Gateway Dr
507,Gateway Dr
505,Gateway Dr
503,Gateway Dr
501,Gateway Dr
526,Gateway Dr
524,Gateway Dr
522,Gateway Dr
520,Gateway Dr
518,Gateway Dr
516,Gateway Dr
514,Gateway Dr
510,Gateway Dr
508,Gateway Dr
506,Gateway Dr
504,Gateway Dr
110,Laurel Ave
108,"Laurel Ave"
106,"Laurel Ave"
104,"Laurel Ave"
102,"Laurel Ave"
101,"Laurel Ave"
103,"Laurel Ave"
105,"Laurel Ave"
107,"Laurel Ave"
109,"Laurel Ave"
111,"Laurel Ave"
113,"Laurel Ave"
115,"Laurel Ave"
117,"Laurel Ave"
119,"Laurel Ave"
121,"Laurel Ave"
118,"Laurel Ave"
1,Linda Ct
3,Linda Ct
10,Linda Ct
4,Linda Ct
2,Linda Ct
4,MacIntosh Dr
6,MacIntosh Dr
3,MacIntosh Dr
5,MacIntosh Dr
7,MacIntosh Dr
43,Mountain Rd
36,Mountain Rd
47,Mountain Rd
34,Mountain Rd
27,Mountain Rd
21,Mountain Rd
17,Mountain Rd
15,Mountain Rd
4,Municipal St
313,Old Oak Pl
311,Old Oak Pl
309,Old Oak Pl
307,Old Oak Pl
305,Old Oak Pl
303,Old Oak Pl
301,Old Oak Pl
213,Old Oak Pl
211,Old Oak Pl
209,Old Oak Pl
207,Old Oak Pl
205,Old Oak Pl
203,Old Oak Pl
201,Old Oak Pl
110,Old Oak Pl
108,Old Oak Pl
106,Old Oak Pl
104,Old Oak Pl
102,Old Oak Pl
100,Old Oak Pl
111,Old Oak Pl
109,Old Oak Pl
107,Old Oak Pl
105,Old Oak Pl
103,Old Oak Pl
101,Old Oak Pl
2,Old Oak Pl
4,Old Oak Pl
6,Old Oak Pl
8,Old Oak Pl
10,Old Oak Pl
12,Old Oak Pl
401,Old Oak Pl
403,Old Oak Pl
405,Old Oak Pl
409,Old Oak Pl
411,Old Oak Pl
413,Old Oak Pl
415,Old Oak Pl
417,Old Oak Pl
419,Old Oak Pl
421,Old Oak Pl
423,Old Oak Pl
425,Old Oak Pl
427,Old Oak Pl
429,Old Oak Pl
2,Park Ln
14019,Pryor Rd
14025,Pryor Rd
14033,Pryor Rd
14039,Pryor Rd
14011,Pryor Rd
14019,"Pryor Rd"
134,Redhaven Ct
136,Redhaven Ct
138,Redhaven Ct
140,Redhaven Ct
142,Redhaven Ct
144,Redhaven Ct
145,Redhaven Ct
143,Redhaven Ct
141,Redhaven Ct
139,Redhaven Ct
137,Redhaven Ct
135,Redhaven Ct
124,Redhaven Ct
120,Redhaven Ct
118,Redhaven Ct
114,Redhaven Ct
112,Redhaven Ct
110,Redhaven Ct
106,Redhaven Ct
101,Redhaven Ct
103,Redhaven Ct
105,Redhaven Ct
107,Redhaven Ct
109,Redhaven Ct
111,Redhaven Ct
113,Redhaven Ct
115,Redhaven Ct
117,Redhaven Ct
119,Redhaven Ct
121,Redhaven Ct
123,Redhaven Ct
125,Redhaven Ct
127,Redhaven Ct
518,Rocky Ridge Rd
516,Rocky Ridge Rd
508,Rocky Ridge Rd
16,"Rouzer Ct"
14,"Rouzer Ct"
15,"Rouzer Ct"
13,"Rouzer Ct"
12,"Rouzer Ct"
11,"Rouzer Ct"
10,"Rouzer Ct"
9,"Rouzer Ct"
3,"Rouzer Ct"
4,"Rouzer Ct"
5,"Rouzer Ct"
6,"Rouzer Ct"
7,"Rouzer Ct"
8,"Rouzer Ct"
204,Rouzer Ln
121,Rouzer Ln
119,Rouzer Ln
117,Rouzer Ln
200,Rouzer Ln
103,Rouzer Ln
105,Rouzer Ln
116,Rouzer Ln
118,Rouzer Ln
120,Rouzer Ln
122,Rouzer Ln
100,Rouzer Ln
102,Rouzer Ln
104,Rouzer Ln
106,Rouzer Ln
108,Rouzer Ln
110,Rouzer Ln
112,Rouzer Ln
205,"Sandy Spring Ln"
99,Sunhigh Dr
101,Sunhigh Dr
103,Sunhigh Dr
105,Sunhigh Dr
107,Sunhigh Dr
111,Sunhigh Dr
113,Sunhigh Dr
115,Sunhigh Dr
117,Sunhigh Dr
119,Sunhigh Dr
121,Sunhigh Dr
123,Sunhigh Dr
125,Sunhigh Dr
127,Sunhigh Dr
129,Sunhigh Dr
131,Sunhigh Dr
100,Sunhigh Dr
102,Sunhigh Dr
104,Sunhigh Dr
106,Sunhigh Dr
108,Sunhigh Dr
110,Sunhigh Dr
112,Sunhigh Dr
114,Sunhigh Dr
116,Sunhigh Dr
118,Sunhigh Dr
122,"Sunhigh Dr"
124,"Sunhigh Dr"
1,Tannery Ct
3,Tannery Ct
5,Tannery Ct
7,Tannery Ct
6,Tannery Ct
4,Tannery Ct
2,Tannery Ct
507,Tippin Ct
501,Tippin Ct
4,Tippin Dr
6,Tippin Dr
100,Tippin Dr
102,Tippin Dr
104,Tippin Dr
503,Tippin Dr
505,Tippin Dr
507,Tippin Dr
504,Tippin Dr
502,Tippin Dr
302,Tippin Dr
1,Vista Ave
3,Vista Ave
5,Vista Ave
7,Vista Ave
13,Vista Ave
15,Vista Ave
17,Vista Ave
19,Vista Ave
21,Vista Ave
25,Vista Ave
101,Vista Ave
107,Vista Ave
109,Vista Ave
111,Vista Ave
6,Vista Ave
8,Vista Ave
10,Vista Ave
12,Vista Ave
14,Vista Ave
16,Vista Ave
18,Vista Ave
20,Vista Ave
22,Vista Ave
24,Vista Ave
26,Vista Ave
102,Vista Ave
104,Vista Ave
106,Vista Ave
108,Vista Ave
110,Vista Ave
23,"Vista Ct"
3,"Vista Ct"
5,"Vista Ct"
7,"Vista Ct"
524,W Main St
522,W Main St
520,W Main St
518,W Main St
514,W Main St
512,W Main St
510,W Main St
506,W Main St
504,W Main St
502,W Main St
480,W Main St
317,W Main St
315,W Main St
313,W Main St
309,W Main St
301,W Main St
305,W Main St
32,Water St
30,Water St
28,Water St
26,Water St
22,Water St
24,Water St
20,Water St
16,Water St
18,Water St
37,Water St
104,Water St
33,"Water St"
35,"Water St"
17,"Windward Ct"
19,"Windward Ct"
15,"Windward Ct"
13,"Windward Ct"
11,"Windward Ct"
7,"Windward Ct"
5,"Windward Ct"
3,"Windward Ct"
11,Windward Ln
9,Windward Ln
7,Windward Ln
5,Windward Ln
3,Windward Ln
1,Windward Ln