100,Abbot Ct
104,Abbot Ct
106,Abbot Ct
108,Abbot Ct
110,Abbot Ct
112,Abbot Ct
112,Adams Ct
114,Adams Ct
116,Adams Ct
118,Adams Ct
120,Adams Ct
122,Adams Ct
124,Adams Ct
126,Adams Ct
128,Adams Ct
130,Adams Ct
131,Adams Ct
129,Adams Ct
127,Adams Ct
125,Adams Ct
123,Adams Ct
121,Adams Ct
119,Adams Ct
117,Adams Ct
115,Adams Ct
113,Adams Ct
100,Adams Way
102,Adams Way
104,Adams Way
108,Adams Way
110,Adams Way
112,Adams Way
101,Adams Way
103,Adams Way
109,Adams Way
111,Adams Way
100,Bracken Ct
102,Bracken Ct
104,Bracken Ct
106,Bracken Ct
108,Bracken Ct
110,Bracken Ct
112,Bracken Ct
114,Bracken Ct
133,Capricorn Rd
101,Capricorn Rd
103,Capricorn Rd
105,Capricorn Rd
107,Capricorn Rd
109,Capricorn Rd
111,Capricorn Rd
113,Capricorn Rd
115,Capricorn Rd
117,Capricorn Rd
119,Capricorn Rd
123,Capricorn Rd
125,Capricorn Rd
127,Capricorn Rd
129,Capricorn Rd
131,Capricorn Rd
121,Colony Ct
119,Colony Ct
117,Colony Ct
115,Colony Ct
113,Colony Ct
111,Colony Ct
109,Colony Ct
107,Colony Ct
105,Colony Ct
101,Colony Ct
100,Dunsford Ct
102,Dunsford Ct
104,Dunsford Ct
106,Dunsford Ct
108,Dunsford Ct
110,Dunsford Ct
112,Dunsford Ct
114,Dunsford Ct
117,Dunsford Ct
115,Dunsford Ct
113,Dunsford Ct
111,Dunsford Ct
101,Dunsford Ct
103,Dunsford Ct
105,Dunsford Ct
107,Dunsford Ct
109,Dunsford Ct
29,"E Frederick St"
17,"E Frederick St"
35,"E Frederick St"
109,Edinburgh Ct
107,Edinburgh Ct
105,Edinburgh Ct
103,Edinburgh Ct
101,Edinburgh Ct
108,Edinburgh Ct
106,Edinburgh Ct
104,Edinburgh Ct
102,Edinburgh Ct
100,Edinburgh Ct
101,Edinburgh Way
103,Edinburgh Way
105,Edinburgh Way
107,Edinburgh Way
109,Edinburgh Way
111,Edinburgh Way
113,Edinburgh Way
115,Edinburgh Way
117,Edinburgh Way
119,Edinburgh Way
121,Edinburgh Way
123,Edinburgh Way
125,Edinburgh Way
127,Edinburgh Way
129,Edinburgh Way
131,Edinburgh Way
133,Edinburgh Way
135,Edinburgh Way
137,Edinburgh Way
139,Edinburgh Way
24,Fulton Ave
26,Fulton Ave
28,Fulton Ave
30,Fulton Ave
32,Fulton Ave
36,Fulton Ave
38,Fulton Ave
39,Fulton Ave
5,Fulton Ave
6,Fulton Ave
8,Fulton Ave
10,Fulton Ave
111,Grantham Ct
109,Grantham Ct
107,Grantham Ct
105,Grantham Ct
103,Grantham Ct
113,Grantham Ct
115,Grantham Ct
117,Grantham Ct
119,Grantham Ct
121,Grantham Ct
123,Grantham Ct
120,Grantham Ct
118,Grantham Ct
116,Grantham Ct
110,Grantham Ct
106,Grantham Ct
104,Grantham Ct
102,Grantham Ct
100,Grantham Ct
26,Green St
61,Main St
57,Main St
55,Main St
53,Main St
49,Main St
47,Main St
45,Main St
41,Main St
37,Main St
33,Main St
31,Main St
5,Main St
7,Main St
9,Main St
11,Main St
15,Main St
19,Main St
21,Main St
23,Main St
25,Main St
27,Main St
56,Maple Ave
54,Maple Ave
52,Maple Ave
50,Maple Ave
48,Maple Ave
46,Maple Ave
44,Maple Ave
35,Maple Ave
42,Maple Ave
40,Maple Ave
34,Maple Ave
38,Maple Ave
32,Maple Ave
36,Maple Ave
27,Maple Ave
29,Maple Ave
33,Maple Ave
37,Maple Ave
39,Maple Ave
41,Maple Ave
43,Maple Ave
45,Maple Ave
47,Maple Ave
26,Maple Ave
24,Maple Ave
22,Maple Ave
18,Maple Ave
14,Maple Ave
12,Maple Ave
10,Maple Ave
4,Maple Ave
6,Maple Ave
20,"Maple Ave"
1,Maryland Ave
3,Maryland Ave
5,Maryland Ave
7,Maryland Ave
207,Polaris Dr
209,Polaris Dr
211,Polaris Dr
215,Polaris Dr
217,Polaris Dr
219,Polaris Dr
221,Polaris Dr
223,Polaris Dr
225,Polaris Dr
227,Polaris Dr
229,Polaris Dr
231,Polaris Dr
233,Polaris Dr
235,Polaris Dr
150,Polaris Dr
148,Polaris Dr
144,Polaris Dr
142,Polaris Dr
140,Polaris Dr
138,Polaris Dr
136,Polaris Dr
134,Polaris Dr
132,Polaris Dr
130,Polaris Dr
128,Polaris Dr
126,Polaris Dr
124,Polaris Dr
137,Polaris Dr
139,Polaris Dr
141,Polaris Dr
143,Polaris Dr
145,Polaris Dr
147,Polaris Dr
149,Polaris Dr
151,Polaris Dr
153,Polaris Dr
155,Polaris Dr
157,Polaris Dr
159,Polaris Dr
160,Polaris Dr
162,Polaris Dr
164,Polaris Dr
212,Silver Stone Dr
210,Silver Stone Dr
208,Silver Stone Dr
206,Silver Stone Dr
204,Silver Stone Dr
202,Silver Stone Dr
200,Silver Stone Dr
209,Silver Stone Dr
211,Silver Stone Dr
101,Smithfield Ct
103,Smithfield Ct
105,Smithfield Ct
107,Smithfield Ct
109,Smithfield Ct
111,Smithfield Ct
113,Smithfield Ct
115,Smithfield Ct
119,Smithfield Ct
117,Smithfield Ct
116,Smithfield Ct
114,Smithfield Ct
112,Smithfield Ct
118,Smithfield Ct
110,Smithfield Ct
108,Smithfield Ct
106,Smithfield Ct
102,Smithfield Ct
104,Smithfield Ct
100,Smithfield Ct
223,Solar Drive
225,Solar Drive
229,Solar Drive
231,Solar Drive
235,Solar Drive
237,Solar Drive
239,Solar Drive
241,Solar Drive
243,Solar Drive
245,Solar Drive
247,Solar Drive
33,W Frederick St
27,W Frederick St
25,W Frederick St
15,W Frederick St
13,W Frederick St
7,W Frederick St
1,W Frederick St
11,W Frederick St
2,W Pennsylvania Ave
4,W Pennsylvania Ave
6,W Pennsylvania Ave
10,W Pennsylvania Ave
12,W Pennsylvania Ave
16,W Pennsylvania Ave
18,W Pennsylvania Ave
20,W Pennsylvania Ave
22,W Pennsylvania Ave
200,Winter Brook Ct
202,Winter Brook Ct
204,Winter Brook Ct
206,Winter Brook Ct
208,Winter Brook Ct
210,Winter Brook Ct
212,Winter Brook Ct
215,Winter Brook Ct
213,Winter Brook Ct
211,Winter Brook Ct
209,Winter Brook Ct
207,Winter Brook Ct
205,Winter Brook Ct
203,Winter Brook Ct
201,Winter Brook Ct
251,Winter Brook Dr
249,Winter Brook Dr
247,Winter Brook Dr
245,Winter Brook Dr
243,Winter Brook Dr
241,Winter Brook Dr
239,Winter Brook Dr
237,Winter Brook Dr
235,Winter Brook Dr
233,Winter Brook Dr
225,Winter Brook Dr
214,Winter Brook Dr
215,Winter Brook Dr
207,Winter Brook Dr
200,Winter Brook Dr
202,Winter Brook Dr
204,Winter Brook Dr
206,Winter Brook Dr
208,Winter Brook Dr
210,Winter Brook Dr
212,Winter Brook Dr
216,Winter Brook Dr
218,Winter Brook Dr
220,Winter Brook Dr
222,Winter Brook Dr
224,Winter Brook Dr