314,S Artizan St
316,S Artizan St
318,S Artizan St
310,S Artizan St
139,"W Potomac St"
137,US-11
133,"W Potomac St"
121,"W Potomac St"
123,"W Potomac St"
119,"W Potomac St"
113,US-11
113,"W Potomac St"
111,US-11
109,"W Potomac St"
103,"W Potomac St"
25,"W Potomac St"
21,"W Potomac St"
23,"W Potomac St"
15,"W Potomac St"
13,"W Potomac St"
11,"W Potomac St"
110,N Conococheague St
112,N Conococheague St
114,N Conococheague St
116,N Conococheague St
118,N Conococheague St
120,N Conococheague St
122,N Conococheague St
124,N Conococheague St
126,N Conococheague St
128,N Conococheague St
130,N Conococheague St
117,N Conococheague St
109,N Conococheague St
107,N Conococheague St
105,N Conococheague St
9,E Potomac St
13,E Potomac St
13,US-11
27,US-11
29,E Potomac St
31,E Potomac St
33,E Potomac St
37,E Potomac St
14,E Potomac St
39,E Potomac St
41,E Potomac St
106,N Artizan St
43,E Potomac St
116,N Artizan St
101,E Potomac St
107,N Artizan St
111,N Artizan St
113,N Artizan St
117,N Artizan St
125,N Artizan St
119,E Potomac St
131,N Artizan St
123,E Potomac St
125,E Potomac St
129,E Potomac St
131,E Potomac St
133,E Potomac St
133,US-11
133,N Artizan St
135,N Artizan St
137,N Artizan St
139,N Artizan St
123,N Artizan St
141,N Artizan St
143,N Artizan St
145,N Artizan St
147,N Artizan St
151,N Artizan St
153,N Artizan St
5,Moose Lodge Alley
7,Moose Lodge Alley
9,Moose Lodge Alley
124,N Artizan St
122,N Artizan St
120,N Artizan St
118,N Artizan St
130,N Artizan St
121,N Conococheague St
125,N Conococheague St
141,N Conococheague St
145,N Conococheague St
149,N Conococheague St
153,N Conococheague St
157,N Conococheague St
159,N Conococheague St
163,N Conococheague St
140,N Artizan St
144,N Artizan St
142,N Artizan St
150,N Artizan St
154,MD-63
15904,Drury Ln
16001,Cloverton Ln
16007,Cloverton Ln
215,E Potomac St
16011,Cloverton Ln
16019,Cloverton Ln
16025,Cloverton Ln
221,E Potomac St
16043,Cloverton Ln
16041,Cloverton Ln
2,Apple Tree Ln
235,E Potomac St
237,US-11
237,E Potomac St
239,E Potomac St
241,E Potomac St
241,US-11
243,E Potomac St
245,E Potomac St
247,E Potomac St
8367,Pear Tree Ln
305,E Potomac St
16127,Cloverton Ln
16129,Cloverton Ln
16133,Cloverton Ln
16135,Cloverton Ln
16137,Cloverton Ln
16141,Cloverton Ln
16143,Cloverton Ln
16147,Cloverton Ln
10756,Apple Tree Ln
10752,Apple Tree Ln
10748,Apple Tree Ln
10744,Apple Tree Ln
10742,Apple Tree Ln
3,Oaktree Ln
4,Oaktree Ln
1,Oaktree Ln
6,Oaktree Ln
7,Oaktree Ln
8,Oaktree Ln
14,Hopewell Rd
15,Hopewell Rd
16,Shawnee Terrace
11,Hopewell Rd
10,Hopewell Rd
9,Hopewell Rd
1,N Commerce St
4,N Commerce St
134,"W Potomac St"
40,"W Potomac St"
130,"W Potomac St"
122,"W Potomac St"
118,"W Potomac St"
116,"W Potomac St"
114,"W Potomac St"
100,"W Potomac St"
104,"W Potomac St"
106,"W Potomac St"
34,N Vermont St
30,N Vermont St
32,N Vermont St
28,N Vermont St
22,N Vermont St
20,N Vermont St
18,N Vermont St
14,N Vermont St
12,N Vermont St
2,N Vermont St
111,W Salisbury St
113,W Salisbury St
117,W Salisbury St
44,"W Potomac St"
38,"W Potomac St"
36,"W Potomac St"
32,"W Potomac St"
30,"W Potomac St"
28,"W Potomac St"
26,"W Potomac St"
24,"W Potomac St"
22,US-11
23,N Vermont St
21,N Vermont St
19,N Vermont St
17,N Vermont St
13,N Vermont St
11,N Vermont St
47,W Salisbury St
45,W Salisbury St
43,W Salisbury St
39,W Salisbury St
37,W Salisbury St
35,W Salisbury St
33,W Salisbury St
31,W Salisbury St
29,W Salisbury St
27,W Salisbury St
25,W Salisbury St
23,W Salisbury St
19,W Salisbury St
15,W Salisbury St
20,W Potomac St
124,W Salisbury St
118,W Salisbury St
114,W Salisbury St
112,W Salisbury St
2,S Vermont St
4,S Vermont St
6,"S Vermont St"
8,"S Vermont St"
10,"S Vermont St"
12,"S Vermont St"
16,"S Vermont St"
18,"S Vermont St"
15,"S Commerce St"
3,"S Vermont St"
5,"S Vermont St"
7,"S Vermont St"
9,"S Vermont St"
11,"S Vermont St"
13,"S Vermont St"
15,"S Vermont St"
17,"S Vermont St"
46,W Salisbury St
44,W Salisbury St
42,W Salisbury St
40,W Salisbury St
38,W Salisbury St
36,W Salisbury St
34,W Salisbury St
32,W Salisbury St
30,W Salisbury St
25,"S Vermont St"
27,"S Vermont St"
31,"S Vermont St"
37,W Church St
35,W Church St
33,W Church St
31,W Church St
29,W Church St
27,W Church St
25,W Church St
23,W Church St
21,W Church St
19,W Church St
15,W Church St
13,W Church St
30,S Conococheague St
28,S Conococheague St
26,S Conococheague St
24,S Conococheague St
20,S Conococheague St
18,S Conococheague St
14,S Conococheague St
12,S Conococheague St
10,S Conococheague St
8,S Conococheague St
15,S Conococheague St
17,S Conococheague St
19,S Conococheague St
21,S Conococheague St
23,S Conococheague St
25,S Conococheague St
27,S Conococheague St
29,S Conococheague St
31,S Conococheague St
33,S Conococheague St
3,Leaf Alley
1,Leaf Alley
35,S Conococheague St
15,E Church St
17,E Church St
31,E Church St
33,E Church St
14,E Salisbury St
16,E Salisbury St
18,E Salisbury St
20,E Salisbury St
24,E Salisbury St
26,E Salisbury St
30,E Salisbury St
34,E Salisbury St
12,S Artizan St
14,S Artizan St
16,S Artizan St
18,S Artizan St
20,S Artizan St
26,S Artizan St
49,E Church St
43,E Church St
39,E Church St
102,E Salisbury St
106,E Salisbury St
7,S Artizan St
9,S Artizan St
5,S Artizan St
11,S Artizan St
13,S Artizan St
15,S Artizan St
19,S Artizan St
21,S Artizan St
23,S Artizan St
25,S Artizan St
27,S Artizan St
29,S Artizan St
224,"Otho Holland Dr"
222,"Otho Holland Dr"
220,"Otho Holland Dr"
226,"Otho Holland Dr"
234,"Otho Holland Dr"
230,"Otho Holland Dr"
236,"Otho Holland Dr"
246,"Otho Holland Dr"
244,"Otho Holland Dr"
242,"Otho Holland Dr"
240,"Otho Holland Dr"
254,"Otho Holland Dr"
250,"Otho Holland Dr"
256,"Otho Holland Dr"
252,"Otho Holland Dr"
215,"Otho Holland Dr"
219,"Otho Holland Dr"
241,"Otho Holland Dr"
255,"Otho Holland Dr"
251,"Otho Holland Dr"
253,"Otho Holland Dr"
101,S Artizan St
105,S Artizan St
102,E Church St
109,S Artizan St
111,S Artizan St
113,S Artizan St
115,S Artizan St
117,S Artizan St
119,S Artizan St
121,S Artizan St
123,S Artizan St
125,S Artizan St
127,S Artizan St
201,S Artizan St
203,S Artizan St
205,S Artizan St
207,S Artizan St
211,S Artizan St
213,S Artizan St
215,S Artizan St
105,E Sunset Ave
109,E Sunset Ave
113,E Sunset Ave
391,Coneflower Dr
393,Coneflower Dr
395,Coneflower Dr
397,Coneflower Dr
399,Coneflower Dr
371,Coneflower Dr
373,Coneflower Dr
375,Coneflower Dr
377,Coneflower Dr
340,Coneflower Dr
348,Coneflower Dr
342,Coneflower Dr
344,Coneflower Dr
346,Coneflower Dr
351,Coneflower Dr
353,Coneflower Dr
355,Coneflower Dr
357,Coneflower Dr
359,Coneflower Dr
331,Coneflower Dr
333,Coneflower Dr
335,Coneflower Dr
337,Coneflower Dr
320,Coneflower Dr
328,Coneflower Dr
326,Coneflower Dr
324,Coneflower Dr
322,Coneflower Dr
302,Coneflower Dr
304,Coneflower Dr
306,Coneflower Dr
308,Coneflower Dr
310,Coneflower Dr
301,Coneflower Dr
303,Coneflower Dr
305,Coneflower Dr
307,Coneflower Dr
311,S Conococheague St
307,S Conococheague St
305,S Conococheague St
303,S Conococheague St
301,S Conococheague St
12,E Sunset Ave
16,E Sunset Ave
14,E Sunset Ave
18,E Sunset Ave
20,E Sunset Ave
22,E Sunset Ave
24,E Sunset Ave
26,E Sunset Ave
28,E Sunset Ave
302,S Artizan St
306,S Artizan St
310,"S Artizan St"