204,Adams St
205,Adams St
203,Adams St
107,Adams St
201,Adams St
203,Autumn Sky Terrace
204,Autumn Sky Terrace
202,Autumn Sky Terrace
200,Autumn Sky Terrace
1,Barricks Ln
6,Barricks Ln
685,"Bell Ct"
683,"Bell Ct"
679,"Bell Ct"
681,"Bell Ct"
677,"Bell Ct"
675,"Bell Ct"
673,"Bell Ct"
671,"Bell Ct"
669,"Bell Ct"
667,"Bell Ct"
665,"Bell Ct"
663,"Bell Ct"
661,"Bell Ct"
659,"Bell Ct"
657,"Bell Ct"
655,"Bell Ct"
653,"Bell Ct"
651,"Bell Ct"
649,"Bell Ct"
647,"Bell Ct"
645,"Bell Ct"
643,"Bell Ct"
641,"Bell Ct"
639,"Bell Ct"
637,"Bell Ct"
635,"Bell Ct"
633,"Bell Ct"
631,"Bell Ct"
301,Copper Oaks Dr
303,Copper Oaks Dr
305,Copper Oaks Dr
307,Copper Oaks Dr
311,Copper Oaks Dr
313,Copper Oaks Dr
315,Copper Oaks Dr
317,Copper Oaks Dr
319,Copper Oaks Dr
321,Copper Oaks Dr
332,Copper Oaks Dr
330,Copper Oaks Dr
324,Copper Oaks Dr
322,Copper Oaks Dr
318,Copper Oaks Dr
316,Copper Oaks Dr
314,Copper Oaks Dr
312,Copper Oaks Dr
310,Copper Oaks Dr
308,Copper Oaks Dr
306,Copper Oaks Dr
304,Copper Oaks Dr
302,Copper Oaks Dr
300,Copper Oaks Dr
405,Copper Oaks Pl
407,Copper Oaks Pl
409,Copper Oaks Pl
406,Copper Oaks Pl
404,Copper Oaks Pl
402,Copper Oaks Pl
400,Copper Oaks Pl
10307,Coppermine Rd
223,Cornell Dr
221,Cornell Dr
219,Cornell Dr
217,Cornell Dr
213,Cornell Dr
215,Cornell Dr
211,Cornell Dr
209,Cornell Dr
207,Cornell Dr
203,Cornell Dr
201,Cornell Dr
225,Cornell Dr
202,Cornell Dr
227,Cornell Dr
229,Cornell Dr
231,Cornell Dr
233,Cornell Dr
234,Cornell Dr
232,Cornell Dr
230,Cornell Dr
228,Cornell Dr
226,Cornell Dr
224,Cornell Dr
222,Cornell Dr
204,Cornell Dr
200,Cornell Dr
12,"Dorcus Alley"
11,E Elizabeth St
9,E Elizabeth St
7,E Elizabeth St
6,E Elizabeth St
102,E Elizabeth St
4,James St
2,James St
6,James St
8,James St
10,James St
14,James St
12,James St
106,James St
110,James St Exd
108,James St Exd
106,James St Exd
104,James St Exd
102,James St Exd
251,Knotty Alder Ct
253,Knotty Alder Ct
250,Knotty Alder Ct
256,Knotty Alder Ct
8,N 2nd St
213,N 2nd St
221,N 2nd St
215,N 2nd St
219,N 2nd St
217,N 2nd St
205,N 2nd St
203,N 2nd St
201,N 2nd St
11,"N 2nd St"
221,"N 2nd St"
219,"N 2nd St"
217,"N 2nd St"
215,"N 2nd St"
213,"N 2nd St"
105,N Main St
8,N Main St
4,N Main St
2,N Main St
15,N Main St
101,N Main St
100,N Main St
103,N Main St
109,N Main St
102,N Main St
111,N Main St
104,N Main St
106,N Main St
115,N Main St
108,N Main St
119,N Main St
121,N Main St
123,N Main St
110,N Main St
200,N Main St
204,N Main St
206,N Main St
201,N Main St
203,N Main St
208,N Main St
304,N Main St
303,N Main St
306,N Main St
307,N Main St
303,"N Main St"
208,"N Main St"
206,"N Main St"
204,"N Main St"
200,"N Main St"
301,Powell Alley
501,Russet Leaf Terrace
503,Russet Leaf Terrace
505,Russet Leaf Terrace
507,Russet Leaf Terrace
509,Russet Leaf Terrace
511,Russet Leaf Terrace
512,Russet Leaf Terrace
510,Russet Leaf Terrace
508,Russet Leaf Terrace
506,Russet Leaf Terrace
504,Russet Leaf Terrace
502,Russet Leaf Terrace
500,Russet Leaf Terrace
107,S 2nd St
3,S 2nd St
7,S 2nd St
2,S 2nd St
4,S 2nd St
6,S 2nd St
8,S 2nd St
12,S 2nd St
200,S 2nd St
302,S 2nd St
304,S 2nd St
306,S 2nd St
308,S 2nd St
310,S 2nd St
305,S 2nd St
303,S 2nd St
301,S 2nd St
201,S 2nd St
203,S 2nd St
205,S 2nd St
207,S 2nd St
200,"S 2nd St"
202,"S 2nd St"
204,"S 2nd St"
206,"S 2nd St"
208,"S 2nd St"
3,S 3rd St
5,S 3rd St
102,S Adams St
94,S Adams St
406,S Adams St
602,S Adams St
505,S Adams St
503,S Adams St
501,S Adams St
405,S Adams St
403,S Adams St
401,S Adams St
305,S Adams St
303,S Adams St
301,S Adams St
103,S Adams St
101,S Adams St
105,S Main St
103,S Main St
109,S Main St
111,S Main St
104,S Main St
106,S Main St
108,S Main St
106-S ,S Main St
3,S Main St
5,S Main St
9,S Main St
2,S Main St
6,S Main St
4,S Main St
8,S Main St
10,S Main St
12,S Main St
14,S Main St
46,S Main St
608,S Main St
610,S Main St
612,S Main St
500,S Main St
402,S Main St
400,S Main St
201,S Main St
203,S Main St
205,S Main St
207,S Main St
209,S Main St
307,S Main St
305,S Main St
401,S Main St
403,S Main St
405,S Main St
501,S Main St
505,S Main St
614,S Main St
201,"S Main St"
203,"S Main St"
300,"S Main St"
302,"S Main St"
304,"S Main St"
208,"S Main St"
206,"S Main St"
204,"S Main St"
202,"S Main St"
301,"S Main St"
601,Scarlet Oak Ct
603,Scarlet Oak Ct
605,Scarlet Oak Ct
607,Scarlet Oak Ct
609,Scarlet Oak Ct
611,Scarlet Oak Ct
613,Scarlet Oak Ct
615,Scarlet Oak Ct
614,Scarlet Oak Ct
612,Scarlet Oak Ct
608,Scarlet Oak Ct
606,Scarlet Oak Ct
604,Scarlet Oak Ct
602,Scarlet Oak Ct
600,Scarlet Oak Ct
100,W Elizabeth St
615,Weinberg Ct
614,Weinberg Ct
612,Weinberg Ct
610,Weinberg Ct
608,Weinberg Ct
606,Weinberg Ct
604,Weinberg Ct
602,Weinberg Ct
613,Weinberg Ct
611,Weinberg Ct
609,Weinberg Ct
607,Weinberg Ct
605,Weinberg Ct
603,Weinberg Ct
21,Wood St
19,Wood St
17,Wood St
15,Wood St
13,Wood St
11,Wood St
9,Wood St
20,Wood St
18,Wood St
16,Wood St
14,Wood St
12,Wood St
10,Wood St
8,Wood St
6,Wood St
4,Wood St
2,Wood St
1,Wood St
3,Wood St
5,Wood St
7,Wood St
104,Woodbury Dr
102,Woodbury Dr
100,Woodbury Dr
101,Woodbury Dr
103,Woodbury Dr
105,Woodbury Dr
2,Woodsboro Creagerstown Rd
102,Woodsboro Creagerstown Rd
104,Woodsboro Creagerstown Rd
106,Woodsboro Creagerstown Rd
108,Woodsboro Creagerstown Rd
110,Woodsboro Creagerstown Rd
105,Woodsboro Creagerstown Rd
208,Woodsboro Pike
305,Woodsboro Pike
100,Woodsboro Rd
102,Woodsboro Rd
104,Woodsboro Rd
106,Woodsboro Rd
108,Woodsboro Rd
108,"Woodsboro Rd"
106,"Woodsboro Rd"
104,"Woodsboro Rd"
102,"Woodsboro Rd"
100,"Woodsboro Rd"